code	name.de	name.en	subunit	symbol
EUR	Euro	euro	Cent	€
USD	US-Dollar	US dollar	Cent	$
GBP	Pfund Sterling	Guernsey pound	Penny	£
CNY	Renminbi Yuan	renminbi-yuan	Fen	¥
CHF	Schweizer Franken	Swiss franc	Rappen;Centime	CHF
HKD	Hongkong-Dollar	Hong Kong dollar	Cent	$
SGD	Singapur-Dollar	Singapore dollar	Cent	$
NZD	Neuseeland-Dollar	New Zealand dollar	Cent	$
INR	indische Rupie	Indian rupee	Paisa	₹
ZAR	Rand	rand	Cent	R
THB	Baht	baht	Satang	฿
IDR	Rupiah	rupiah	Sen	Rp
AED	VAE-Dirham	UAE dirham	Fils	
TRY	türkische Lira	Turkish lira	Kurus	₺
XCD	ostkaribischer Dollar	East Caribbean dollar	Cent	$
ALL	Lek	lek		Lek
AFN	Afghani	afghani	Pul	؋
AMD	Dram	dram	Lumma	
AOA	Kwanza	kwanza	Cêntimo	
ARS	argentinischer Peso	Argentine peso	Centavo	$
AUD	australischer Dollar	Australian dollar	Cent	$
AWG	Aruba-Gulden	Aruban guilder	Cent	ƒ
AZN	Aserbaidschan-Manat	Azerbaijan manat	Qäpik	₼
BAM	konvertierbare Mark	convertible mark	Fening	KM
BBD	Barbados-Dollar	Barbados dollar	Cent	$
BDT	Taka	taka	Poisha	
XOF	CFA-Franc (BCEAO)	CFA franc	Centime	
BGN	Lew	lev	Stótinka	лв
BHD	Bahrain-Dinar	Bahraini dinar	Fils	
BIF	Burundi-Franc	Burundi franc	Centime	
BMD	Bermuda-Dollar	Bermuda dollar	Cent	$
BND	Brunei-Dollar	Brunei dollar	Cent	$
BOB	Boliviano	boliviano	Centavo	$b
BRL	Real	real	Centavo	R$
BSD	Bahama-Dollar	Bahamian dollar	Cent	$
BTN	Ngultrum	ngultrum	Chhetrum	
BWP	Pula	pula	Thebe	P
BYN	belarussischer Rubel	Belarusian rouble	Kupeke	Br
BZD	Belize-Dollar	Belize dollar	Cent	BZ$
CAD	kanadischer Dollar	Canadian dollar	Cent	$
CDF	Kongo-Franc	Congolese franc	Centime	
XAF	CFA-Franc (BEAC)	CFA franc	Centime	
CLP	chilenischer Peso	Chilean peso	Centavo	$
COP	kolumbianischer Peso	Colombian peso	Centavo	$
CRC	Costa-Rica-Colón	Costa Rican colón	Céntimo	₡
CUP	kubanischer Peso	Cuban peso	Centavo	₱
CVE	Cabo-Verde-Escudo	Cabo Verde escudo	Centavo	
ANG	Niederländische-Antillen-Gulden	Netherlands Antillean guilder	Cent	ƒ
CZK	tschechische Krone	Czech koruna	Haléř	Kč
DJF	Dschibuti-Franc	Djibouti franc		
DKK	dänische Krone	Danish krone	Øre	kr
DOP	dominikanischer Peso	Dominican peso	Centavo	RD$
DZD	algerischer Dinar	Algerian dinar	Centime	
EGP	ägyptisches Pfund	Egyptian pound	Piaster	£
MAD	marokkanischer Dirham	Moroccan dirham	Centime	
ERN	Nakfa	nakfa	Cent	
ETB	Birr	birr	Cent	
FJD	Fidschi-Dollar	Fiji dollar	Cent	$
FKP	Falkland-Pfund	Falkland Islands pound	Penny	£
GEL	Lari	lari	Tetri	₾
GHS	Ghana Cedi	Ghana cedi	Pesewa	¢
GIP	Gibraltar-Pfund	Gibraltar pound	Penny	£
GMD	Dalasi	dalasi	Butut	
GNF	Guinea-Franc	Guinean franc		
GTQ	Quetzal	quetzal	Centavo	Q
GYD	Guyana-Dollar	Guyana dollar	Cent	$
HNL	Lempira	lempira	Centavo	L
HTG	Gourde	gourde	Centime	
HUF	Forint	forint		Ft
ILS	Schekel	shekel	Agora	₪
IQD	Irak-Dinar	Iraqi dinar	Fils	
IRR	iranischer Rial	Iranian rial		﷼
ISK	isländische Krone	króna		kr
JMD	Jamaika-Dollar	Jamaica dollar	Cent	J$
JOD	Jordan-Dinar	Jordanian dinar	Piaster	
JPY	Yen	yen		¥
KES	Kenia-Schilling	Kenyan shilling	Cent	
KGS	Som	som	Tyin	лв
KHR	Riel	riel		៛
KMF	Komoren-Franc	Comorian franc		
KPW	nordkoreanischer Won	North Korean won	Chon	₩
KRW	südkoreanischer Won	South Korean won		₩
KWD	Kuwait-Dinar	Kuwaiti dinar	Fils	
KYD	Kaiman-Dollar	Cayman Islands dollar	Cent	$
KZT	Tenge	tenge	Tyin	лв
LAK	Kip	kip		₭
LBP	libanesisches Pfund	Lebanese pound		£
LKR	Sri-Lanka-Rupie	Sri Lankan rupee	Sri-Lanka-Cent	₨
LRD	liberianischer Dollar	Liberian dollar	Cent	$
LSL	Loti	loti	Sente	
LYD	libyscher Dinar	Libyan dinar	Dirham	
MDL	Moldau-Leu	Moldovan leu	Ban	
MGA	Ariary	ariary	Iraimbilanja	
MKD	Denar	denar	Denimazedonisch	ден
MMK	Kyat	kyat	Pya	
MNT	Tugrik	tugrik	Möngö	₮
MOP	Pataca	pataca	Avo	
MRU	Ouguiya	ouguiya	Khoum	
MUR	Mauritius-Rupie	Mauritian rupee	Cent	₨
MVR	Rufiyaa	rufiyaa	Laari	
MWK	Malawi-Kwacha	Malawian kwacha	Tambala	
MXN	mexikanischer Peso	Mexican peso	Centavo	$
MYR	Ringgit	ringgit	Sen	RM
MZN	Metical	metical	Centavo	MT
NAD	Namibia-Dollar	Namibian dollar	Cent	$
XPF	CFP-Franc	CFP franc	Centime	
NGN	Naira	naira	Kobo	₦
NIO	Córdoba Oro	córdoba oro	Centavo	C$
NOK	norwegische Krone	Norwegian krone	Øre	kr
NPR	nepalesische Rupie	Nepalese rupee	Paisa; Mohur	₨
OMR	Omani-Rial	Omani rial	Baiza	﷼
PAB	Balboa	balboa	Centésimo	B/.
PEN	Sol	sol	Céntimo	S/.
PGK	Kina	kina	Toea	
PHP	philippinischer Peso	Philippine peso	Centavo	₱
PKR	pakistanische Rupie	Pakistani rupee	Paisa	₨
PLN	Zloty	zloty	Grosz	zł
PYG	Guarani	guaraní	Céntimo	Gs
QAR	Katar-Riyal	Qatari riyal	Dirham	﷼
RON	rumänischer Leu	Romanian leu	Ban	lei
RSD	serbischer Dinar	Serbian dinar	Para	Дин.
RUB	russischer Rubel	Russian rouble	Kopeke	₽
RWF	Ruanda-Franc	Rwandese franc	Centime	
SAR	Saudi-Riyal	riyal	Halala	﷼
SBD	Salomonen-Dollar	Solomon Islands dollar	Cent	$
SCR	Seychellen-Rupie	Seychelles rupee	Cent	₨
SDG	sudanesisches Pfund	Sudanese pound	Piaster	
SEK	schwedische Krone	krona	Öre	kr
SHP	St.-Helena-Pfund	Saint Helena pound	Penny	£
SLE	Leone	leone	Cent	
SOS	Somalia-Schilling	Somali shilling	Cent	S
SRD	Suriname-Dollar	Surinamese dollar	Cent	$
SSP	südsudanesisches Pfund	South Sudanese pound	Piaster	
STN	Dobra	dobra	Centime	
SVC	El-Salvador-Colón	Salvadorian colón	Centavo	$
SYP	syrisches Pfund	Syrian pound	Piastre	£
SZL	Lilangeni	lilangeni	Cent	
TJS	Somoni	somoni	Diram	
TMT	Turkmenistan-Manat	Turkmen manat	Tenge	
TND	tunesischer Dinar	Tunisian dinar	Millime	
TOP	Pa’anga	pa’anga	Seniti	
TTD	Trinidad-und-Tobago-Dollar	Trinidad and Tobago dollar	Cent	TT$
TWD	neuer Taiwan-Dollar	new Taiwan dollar	Cent	NT$
TZS	Tansania-Schilling	Tanzanian shilling	Cent	
UAH	Griwna	hryvnia	Kopeke	₴
UGX	Uganda-Schilling	Uganda shilling	Cent	
UYU	uruguayischer Peso	Uruguayan peso	Centésimo	$U
UZS	Sum	sum	Tiyin	лв
VES	Bolívar Soberano	bolívar soberano	Céntimo	
VND	Dong	dong		₫
VUV	Vatu	vatu		
WST	Tala	tala	Sene	
YER	Jemen-Rial	Yemeni rial	Fils	﷼
ZMW	sambischer Kwacha	Zambian kwacha	Ngwee	
ZWL	Simbabwe-Dollar	Zimbabwe dollar	Cent	